{
  "No Retrieval": {
    "EM": 7.894736842105263,
    "F1": 12.3319662793347,
    "Acc": 7.894736842105263,
    "Avg_Steps": 0.0,
    "Avg_Time": 0.43701683847527756,
    "N": 38
  },
  "Single-step (BM25)": {
    "EM": 15.789473684210526,
    "F1": 20.02463054187192,
    "Acc": 23.684210526315788,
    "Avg_Steps": 1.0,
    "Avg_Time": 0.4398927688598633,
    "N": 38
  },
  "Multi-step (BM25)": {
    "EM": 21.052631578947366,
    "F1": 22.731397459165155,
    "Acc": 23.684210526315788,
    "Avg_Steps": 2.3947368421052633,
    "Avg_Time": 1.1679790961114984,
    "N": 38
  },
  "Adaptive-RAG (Base)": {
    "EM": 15.789473684210526,
    "F1": 20.02463054187192,
    "Acc": 23.684210526315788,
    "Avg_Steps": 0.9473684210526315,
    "Avg_Time": 0.4648045113212184,
    "N": 38
  },
  "Adaptive-RAG (Enhanced)": {
    "EM": 15.789473684210526,
    "F1": 17.444316119452235,
    "Acc": 23.684210526315788,
    "Avg_Steps": 0.7631578947368421,
    "Avg_Time": 0.5681058544861642,
    "N": 38
  },
  "Adaptive-RAG (Enhanced+Fallback)": {
    "EM": 15.789473684210526,
    "F1": 17.444316119452235,
    "Acc": 23.684210526315788,
    "Avg_Steps": 0.7631578947368421,
    "Avg_Time": 0.575761688383002,
    "N": 38
  }
}